Model,MAE,RMSE
3-Month Moving Avg,178477.70437048833,247634.6813307766
Prophet,157954.95204395606,174796.79691459634
