product_category,rating
Tablets,4.470588235294118
Desktop Computers,4.16
TVs,4.1568627450980395
Home Decor,4.095744680851064
Smart Home Devices,4.0894308943089435
Kitchen Appliances,4.088
Audio Equipment,4.019607843137255
Gaming Consoles,4.014705882352941
Smartphones,4.0
Furniture,3.9838709677419355
Laptops,3.966666666666667
Bedding,3.9473684210526314
Cookware,3.9166666666666665
Small Kitchen Appliances,3.810810810810811
Computer Accessories,3.6
Unknown,3.3157894736842106
