cluster_id,total_orders,total_net_sales,avg_order_value,total_interactions,avg_rating,total_tickets,avg_satisfaction,customer_count
0,3.6209343583678297,2375.233730604667,609.4208312419215,24.938497930218805,0.04908338261383797,0.04080425783560024,0.04080425783560024,1691
1,10.023021582733813,7799.94008746102,798.3489063941815,13.864748201438848,4.311270983213429,0.4776978417266187,1.3458033573141488,695
2,11.497868712702472,9550.391401174436,883.4919824164749,10.526854219948849,0.060528559249786874,0.43052003410059675,1.157573174197215,1173
3,3.9687716863289384,2809.2655804483215,641.5659192113936,24.875086745315752,0.13671061762664816,1.4531575294934074,3.693095072866065,1441
